{
    "1": {
        "train_loss": 1.263974035331614,
        "train_accuracy": 0.5533825228909237,
        "val_loss": 2.4864317661239985,
        "val_accuracy": 0.09992006394884093
    },
    "2": {
        "train_loss": 0.8158232362454545,
        "train_accuracy": 0.7196639701306783,
        "val_loss": 0.8897971542818206,
        "val_accuracy": 0.7078337330135891
    },
    "3": {
        "train_loss": 0.6863860631697578,
        "train_accuracy": 0.771846386345453,
        "val_loss": 0.6464375392312095,
        "val_accuracy": 0.7845723421262989
    }
}