{
    "1": {
        "train_loss": 0.31180418618752254,
        "train_accuracy": 0.889668725435149,
        "val_loss": 5.4376502865400065,
        "val_accuracy": 0.09776902887139108
    },
    "2": {
        "train_loss": 0.21340087133711375,
        "train_accuracy": 0.9237164260917229,
        "val_loss": 1.5261243421431612,
        "val_accuracy": 0.7658255865427182
    },
    "3": {
        "train_loss": 0.18398364554187274,
        "train_accuracy": 0.9352838597171091,
        "val_loss": 1.3375067424929465,
        "val_accuracy": 0.6659802306425041
    },
    "4": {
        "train_loss": 0.1880165042074967,
        "train_accuracy": 0.9316526023376488,
        "val_loss": 3.126123824706944,
        "val_accuracy": 0.11064954682779457
    },
    "5": {
        "train_loss": 0.0936662401745295,
        "train_accuracy": 0.9691179309013703,
        "val_loss": 1.731885522568545,
        "val_accuracy": 0.2755203171456888
    },
    "6": {
        "train_loss": 0.12227116602727135,
        "train_accuracy": 0.9578178803724015,
        "val_loss": 0.8309154551759442,
        "val_accuracy": 0.796381994110223
    },
    "7": {
        "train_loss": 0.10207825055405051,
        "train_accuracy": 0.9679899794718347,
        "val_loss": 2.22106200173684,
        "val_accuracy": 0.39849624060150374
    },
    "8": {
        "train_loss": 0.11499604549108258,
        "train_accuracy": 0.9617467107044236,
        "val_loss": 2.7444770123974864,
        "val_accuracy": 0.3660409556313993
    },
    "9": {
        "train_loss": 0.09880677126280693,
        "train_accuracy": 0.9673617753969773,
        "val_loss": 2.4974863484516443,
        "val_accuracy": 0.4254199047380296
    },
    "10": {
        "train_loss": 0.09626018859013809,
        "train_accuracy": 0.966692615658363,
        "val_loss": 4.237379233442179,
        "val_accuracy": 0.1880108991825613
    },
    "11": {
        "train_loss": 0.09942762923761181,
        "train_accuracy": 0.9645427744283019,
        "val_loss": 1.722477679079277,
        "val_accuracy": 0.5035460992907801
    },
    "12": {
        "train_loss": 0.10072287881697548,
        "train_accuracy": 0.9660572562358276,
        "val_loss": 3.9876841231705193,
        "val_accuracy": 0.5358669833729216
    },
    "13": {
        "train_loss": 0.05852856711136947,
        "train_accuracy": 0.9818872704243191,
        "val_loss": 2.0114070462205484,
        "val_accuracy": 0.5262951334379906
    },
    "14": {
        "train_loss": 0.07542795969053409,
        "train_accuracy": 0.9750087842586086,
        "val_loss": 6.342606292101703,
        "val_accuracy": 0.3202979515828678
    },
    "15": {
        "train_loss": 0.05505378718571097,
        "train_accuracy": 0.9816174394307337,
        "val_loss": 1.2083875220939793,
        "val_accuracy": 0.5303993894683287
    },
    "16": {
        "train_loss": 0.06825463905422421,
        "train_accuracy": 0.9760738659173023,
        "val_loss": 2.138777108925267,
        "val_accuracy": 0.5738603577611079
    },
    "17": {
        "train_loss": 0.04163818517159304,
        "train_accuracy": 0.9861521867715112,
        "val_loss": 1.0611073140596137,
        "val_accuracy": 0.822857142857143
    },
    "18": {
        "train_loss": 0.05417278261641707,
        "train_accuracy": 0.9827636212968717,
        "val_loss": 2.0957987651175927,
        "val_accuracy": 0.6786206896551724
    },
    "19": {
        "train_loss": 0.06002236743481819,
        "train_accuracy": 0.980204268992426,
        "val_loss": 2.876193217996157,
        "val_accuracy": 0.5315829528158296
    },
    "20": {
        "train_loss": 0.04092900155293962,
        "train_accuracy": 0.9857886237215143,
        "val_loss": 2.453043167315267,
        "val_accuracy": 0.3268356075373619
    }
}