{
    "1": {
        "train_loss": 1.3843249999301537,
        "train_accuracy": 0.4948444444444445,
        "val_loss": 2.540410077571869,
        "val_accuracy": 0.09880000000000001
    },
    "2": {
        "train_loss": 0.9898834787623985,
        "train_accuracy": 0.6508444444444444,
        "val_loss": 1.194493679702282,
        "val_accuracy": 0.6172
    },
    "3": {
        "train_loss": 0.8350701655300572,
        "train_accuracy": 0.7134222222222222,
        "val_loss": 0.755911323428154,
        "val_accuracy": 0.7472000000000002
    },
    "4": {
        "train_loss": 0.6631504814389726,
        "train_accuracy": 0.7740444444444444,
        "val_loss": 0.5885970510542393,
        "val_accuracy": 0.7936000000000001
    },
    "5": {
        "train_loss": 0.5485441281761922,
        "train_accuracy": 0.8118222222222223,
        "val_loss": 0.4943965166807175,
        "val_accuracy": 0.8311999999999999
    },
    "6": {
        "train_loss": 0.4774835293141889,
        "train_accuracy": 0.8351555555555555,
        "val_loss": 0.45961621999740604,
        "val_accuracy": 0.8468
    },
    "7": {
        "train_loss": 0.41197407329586194,
        "train_accuracy": 0.8604888888888891,
        "val_loss": 0.3840081758797169,
        "val_accuracy": 0.868
    },
    "8": {
        "train_loss": 0.3889599097656533,
        "train_accuracy": 0.8665333333333334,
        "val_loss": 0.3958108045160771,
        "val_accuracy": 0.8692000000000001
    },
    "9": {
        "train_loss": 0.3214734462155423,
        "train_accuracy": 0.8926222222222223,
        "val_loss": 0.35557831414043906,
        "val_accuracy": 0.878
    },
    "10": {
        "train_loss": 0.33033078713736064,
        "train_accuracy": 0.8829333333333333,
        "val_loss": 0.34456176869571215,
        "val_accuracy": 0.8815999999999999
    },
    "11": {
        "train_loss": 0.2785239723366751,
        "train_accuracy": 0.9045777777777778,
        "val_loss": 0.294800315797329,
        "val_accuracy": 0.9020000000000001
    },
    "12": {
        "train_loss": 0.28566687809644453,
        "train_accuracy": 0.9013777777777778,
        "val_loss": 0.2595493756234646,
        "val_accuracy": 0.9092
    },
    "13": {
        "train_loss": 0.24046062033780868,
        "train_accuracy": 0.9190222222222223,
        "val_loss": 0.24128848910331727,
        "val_accuracy": 0.9144000000000001
    },
    "14": {
        "train_loss": 0.22813138023648466,
        "train_accuracy": 0.9216444444444445,
        "val_loss": 0.26139661315828566,
        "val_accuracy": 0.9128000000000001
    },
    "15": {
        "train_loss": 0.21025939787095282,
        "train_accuracy": 0.9316000000000001,
        "val_loss": 0.2508586570620537,
        "val_accuracy": 0.9188000000000001
    },
    "16": {
        "train_loss": 0.1852492200551738,
        "train_accuracy": 0.9385333333333334,
        "val_loss": 0.28122420571744444,
        "val_accuracy": 0.9108
    },
    "17": {
        "train_loss": 0.17984234435142768,
        "train_accuracy": 0.9410666666666667,
        "val_loss": 0.19585290662944316,
        "val_accuracy": 0.9332000000000001
    },
    "18": {
        "train_loss": 0.15164795109713583,
        "train_accuracy": 0.9487111111111112,
        "val_loss": 0.19507273752242327,
        "val_accuracy": 0.9340000000000002
    },
    "19": {
        "train_loss": 0.1703188561899981,
        "train_accuracy": 0.9418222222222222,
        "val_loss": 0.18016451802104713,
        "val_accuracy": 0.9392
    },
    "20": {
        "train_loss": 0.1632335096020514,
        "train_accuracy": 0.9439555555555557,
        "val_loss": 0.23674335181713105,
        "val_accuracy": 0.924
    }
}